Calle El Rincón;El Rincón
Calle Linda Vista;Linda Vista
Calle Zamora;Zamora
Calle Buríos;Buríos
Calle Flores;Flores
Calle Reyes;Reyes
Calle Guadalupe;Guadalupe
Calle Chaves;Chaves
Calle Chilamate;Chilamate
Calle La Cruz;La Cruz
Calle Mónica;Mónica
Calle San Gerardo;San Gerardo
Calle Del Cerro;Del Cerro
Calle Zumbado;Zumbado
Calle San José;San José
Calle San Miguel;San Miguel
Calle Los Gringos;Los Gringos
Calle Santa Lucía;Santa Lucía
Calle INCAE;INCAE
Calle Bosque Encantado;Bosque Encantado
Riteve;Riteve
Radial Coyol;Radial Coyol
Calle Llanos;Llanos
Digitec Seguridad Electronica;Digitec Seguridad Electronica
Calle Sánchez;Sánchez
Sierra Morena;Sierra Morena
Calle Guevara;Guevara
Calle Murillo;Murillo
Calle El Salto;El Salto
Las Bruselas;Las Bruselas
Calle San Juan;San Juan
Boulevard Los Malinches;Los Malinches
Calle Rincón Chiquito;Rincón Chiquito
Malaga El Roble;Malaga El Roble
Villa Eli;Eli
Calle Vargas;Vargas
Calle Los Rosales;Los Rosales
Calle Los Pérez;Los Pérez
Calle La Union;La Union
Calle El Durazno;El Durazno
Calle Lobo;Lobo
Calle La Amistad;La Amistad
Calle La Torre;La Torre
Calle San Pío;San Pío
Calle Carranza;Carranza
Calle Mangos;Mangos
Calle Santa Fe;Santa Fe
Calle La Tigra;La Tigra
Tomás Guardia;Tomás Guardia
Avenida Antonio Arroyo;Antonio Arroyo
Bernardo Soto;Bernardo Soto
Avenida Central;Central
Calle La Unión;La Unión
Calle Loria;Loria
Servicentro La Ceiba;Servicentro La Ceiba
Calle Arias;Arias
Las Americas;Las Americas
Calle La Paz;La Paz
Calle Ismael Chaverri Quesada;Ismael Chaverri Quesada
Calle León Fernández;León Fernández
Antonio Arroyo;Antonio Arroyo
Calle Ismael Chaverri Quesada;Ismael Chaverri Quesada
Calle Maravilla;Maravilla
Calle Obispo Tristán;Obispo Tristán
Antonio Arroyo;Antonio Arroyo
Juan Santamaría;Juan Santamaría
Antonio Arroyo;Antonio Arroyo
Juan Santamaría;Juan Santamaría
Juan Santamaría;Juan Santamaría
Tomás Guardia;Tomás Guardia
Bernardo Soto;Bernardo Soto
Juan Santamaría;Juan Santamaría
Calle Ismael Chaverri Quesada;Ismael Chaverri Quesada
Calle León Fernández;León Fernández
Guardia;Guardia
Bernardo Soto;Bernardo Soto
Bernardo Soto;Bernardo Soto
El Mesón;El Mesón
Calle Ismael Chaverri Quesada;Ismael Chaverri Quesada
Calle Ismael Chaverri Quesada;Ismael Chaverri Quesada
De Las Provincias;De Las Provincias
Alfaro Ruíz;Alfaro Ruíz
Alfaro Ruíz;Alfaro Ruíz
La Concordia;La Concordia
Calle León Fernández;León Fernández
Calle Central;Central
Antonio Arroyo;Antonio Arroyo
Antonio Arroyo;Antonio Arroyo
Juan Santamaría;Juan Santamaría
Juan Santamaría;Juan Santamaría
Juan Santamaría;Juan Santamaría
Tomás Guardia;Tomás Guardia
Antonio Arroyo;Antonio Arroyo
Juan Santamaría;Juan Santamaría
Juan Santamaría;Juan Santamaría
Arroyo;Arroyo
Juan Santamaría;Juan Santamaría
Juan Santamaría;Juan Santamaría
Maravilla;Maravilla
Obispo Tristán;Obispo Tristán
Pasaje León Cortés Castro;León Cortés Castro
Bernardo Soto;Bernardo Soto
Boulevard Lorenzo Tristán;Lorenzo Tristán
Alfaro Ruíz;Alfaro Ruíz
Maravilla;Maravilla
De Las Provincias;De Las Provincias
Calle El Mesón;El Mesón
El Carmen;El Carmen
La Concordia;La Concordia
La Concordia;La Concordia
Obispo Tristán;Obispo Tristán
Maravilla;Maravilla
Obispo Tristán;Obispo Tristán
General Eloy Alfaro;General Eloy Alfaro
La Paz;La Paz
La Concordia;La Concordia
De Las Provincias;De Las Provincias
Arroyo;Arroyo
Jesús Ocaña Rojas;Jesús Ocaña Rojas
Altos de Montenegro;Altos de Montenegro
Calle La Chumeca;La Chumeca
Calle La Gardenia;La Gardenia
Calle Jesús Ocaña;Jesús Ocaña
Calle Los Higuerones;Los Higuerones
Antonio Arroyo;Antonio Arroyo
Anastasio Alfaro;Anastasio Alfaro
Anastasio Alfaro;Anastasio Alfaro
La Concordia;La Concordia
Juan Santamaría;Juan Santamaría
Anastasio Alfaro;Anastasio Alfaro
Juan Santamaría;Juan Santamaría
Anastasio Alfaro;Anastasio Alfaro
Bernardo Soto;Bernardo Soto
Anastasio Alfaro;Anastasio Alfaro
Juan Santamaría;Juan Santamaría
La Concordia;La Concordia
Tomás Guardia;Tomás Guardia
Paso Flores;Flores
Bernardo Soto;Bernardo Soto
Sibaja;Sibaja
Juan Santamaría;Juan Santamaría
Sibaja;Sibaja
Bernardo Soto;Bernardo Soto
Sibaja;Sibaja
Bernardo Soto;Bernardo Soto
Calle Anastasio Alfaro;Anastasio Alfaro
Alfaro Ruíz;Alfaro Ruíz
Avenida Alfaro Ruíz;Alfaro Ruíz
Anastasio Alfaro;Anastasio Alfaro
Anastasio Alfaro;Anastasio Alfaro
Calle Paso Flores;Paso Flores
El Carmen;El Carmen
El Carmen;El Carmen
La Paz;La Paz
Jesús Ocaña Rojas;Jesús Ocaña Rojas
Anastasio Alfaro;Anastasio Alfaro
Calle ancha - Sureste;ancha - Sureste
Calle Anastasio Alfaro;Anastasio Alfaro
La Concordia;La Concordia
Avenida La Concordia;La Concordia
Avenida La Concordia;La Concordia
Calle Paso Flores;Paso Flores
Jesús Ocaña Rojas;Jesús Ocaña Rojas
Calle Paso Flores;Paso Flores
Juan Santamaría;Juan Santamaría
Bernardo Soto;Bernardo Soto
Boulevard Los Adobes;Los Adobes
Condo La Francia;Condo La Francia
Calle Eribela López;Eribela López
Calle Lagunilla;Lagunilla
Calle Ruta del Sol;Ruta Sol
El Tejar;El Tejar
Calle el Urbano;el Urbano
Calle Imperio Verde;Imperio Verde
Calle Barquero;Barquero
Calle Rojas;Rojas
Calle La Cañada;La Cañada
Calle La Perla;La Perla
Calle Los Conejos;Los Conejos
Calle Ismael Chaverri Quesada;Ismael Chaverri Quesada
Calle Ismael Chaverri Quesada;Ismael Chaverri Quesada
Jesús Ocaña Rojas;Jesús Ocaña Rojas
Jesús Ocaña Rojas;Jesús Ocaña Rojas
UTN;UTN
Calle La Avioneta;La Avioneta
Jesús Ocaña Rojas;Jesús Ocaña Rojas
Jesús Ocaña Rojas;Jesús Ocaña Rojas
Jesús Ocaña Rojas;Jesús Ocaña Rojas
Radial Francisco J. Orlich;Radial Francisco J. Orlich
Calle Obispo Tristán;Obispo Tristán
Arroyo;Arroyo
Arroyo;Arroyo
Tomás Guardia;Tomás Guardia
Arroyo;Arroyo
Solo Ambulancias;Solo Ambulancias
Calle Las Américas;Las Américas
Calle El Pasito;El Pasito
Calle San Antonio;San Antonio
Bulevar Aeropuerto;Bulevar Aeropuerto
Salidas;Salidas
Llegadas;Llegadas
Calle La Candela;La Candela
Calle Lujuria;Lujuria
Calle Ladrillo;Ladrillo
Calle El Flaco;El Flaco
Calle Zorro;Zorro
Calle Conejos;Conejos
Calle Loma Linda;Loma Linda
Calle Afrecho;Afrecho
Calle El Futuro;El Futuro
Radial Santa Ana;Radial Santa Ana
Radial San Antonio;Radial San Antonio
Calle el Bajo;el Bajo

Avenida Central;Central
Boulevard Los Adobes;Los Adobes
Calle La Cañada;La Cañada
Radial Santa Ana;Radial Santa Ana
Calle Chagüite;Chagüite
Calle La Flory;La Flory
Calle La Paula;La Paula
Calle Mezas;Mezas
Avenida Central - Juan Manuel López del Corral;Central - Juan Manuel López Corral
calle universidad;universidad
Vila De La Colina;Vila De La Colina
Calle Las Américas;Las Américas
Vista Verde;Vista Verde
Calle Bajos;Bajos
Villa Flores;Flores
Agua Clara;Agua Clara
Calle Maria Isabel;Maria Isabel
Calle Fabio Molina;Fabio Molina
Calle Emilda;Emilda
Calle La Coyotera;La Coyotera
Calle Pinares;Pinares
Calle Jerusalen;Jerusalen
Calle Pérez;Pérez
Calle Jireh;Jireh
Calle La Claudia;La Claudia
Calle La Loma;La Loma
Calle Gutiérrez;Gutiérrez
Calle El Mojón;El Mojón
Calle Rosales;Rosales
Calle Central;Central
Calle La Españolita;La Españolita
Calle Los Bueyes;Los Bueyes
Calle La Rinconada;La Rinconada
Calle El Bosque;El Bosque
Airport Blvd;Airport Blvd
Colinas Del Viento;Colinas Del Viento
Calle Campos;Campos
Hotel Mango;Hotel Mango
Calle La Empacadora;La Empacadora
Calle Arias;Arias
Calle Coricafe;Coricafe
Calle Flores;Flores
Calle Varela;Varela
Calle Echeverría;Echeverría
Europcar;Europcar
Dollar Rent a Car;Dollar Rent a Car
Calle Echaverría;Echaverría
Calle La Soledad;La Soledad
Calle La Trinidad;La Trinidad
Calle Lovable;Lovable
Calle Tolén;Tolén
Calle Los Sánchez;Los Sánchez
Anderes Condo;Anderes Condo
Calle La Morgue;La Morgue
Valle De Eucaliptos Condo;De Eucaliptos Condo
Calle Cementerio;Cementerio
Calle Los Pianguas;Los Pianguas
Calle Montis;Montis
Calle Kikon;Kikon
Calle La Bomba;La Bomba
Calle López;López
Calle Los Itabos;Los Itabos
Calle El Mirador;El Mirador
Calle Las Hadas;Las Hadas
Calle Badilla;Badilla
Calle Torcida;Torcida
Calle Víquez;Víquez
Calle Los Chaves;Los Chaves
Calle Los Vargas;Los Vargas
Calle del Padre;Padre
Calle del Caballo;Caballo
Calle Joaquín Arias;Joaquín Arias
Calle Mermejo;Mermejo
Calle del Banco;Banco
Calle Los Mosaicos;Los Mosaicos
Calle La Rusia;La Rusia
Puente Francisco J. Orlich;Francisco J. Orlich
Calle Domingueños;Domingueños
Calle Guachipelines;Guachipelines
Calle Solís;Solís
Paso peatonal;peatonal
Calle La Maquina;La Maquina
Calle Segura;Segura
Calle Naranjo;Naranjo
Calle Dulce Nombre;Dulce Nombre
Calle Breneli;Breneli
Calle Ugalde;Ugalde
Calle Chepita;Chepita
Calle Tambor;Tambor
Calle Las Lomas;Las Lomas
Calle Lajas;Lajas
Calle Maderos;Maderos
Calle San Roque;San Roque
Calle Vico Ruíz;Vico Ruíz
Calle naranjo;naranjo
Calle Vega;Vega
Residencial El Pórtico;El Pórtico
Camino Del Sol;Del Sol
Hacienda Nueva;Nueva
Puente De Piedra;De Piedra
Calle del Tanque;Tanque
Calle Espinos;Espinos
Calle del Polaco;Polaco
Le Supermarché;Le Supermarché
Villalobos;lobos
Calle Urbanización Benjamin;Urbanización Benjamin
Calle De Los Canasteros Rosa Montero;De Los Canasteros Rosa Montero
Residenciales Conjuntos Habitacionales;es Conjuntos Habitacionales
Residencial Salas Cabeza;Salas Cabeza
La matilde;La matilde
Residencial Malinche Real;Residencial Malinche
Avenida Las Rosas;Las Rosas
Calle Los Naranjos;Los Naranjos
Calle Matasanos;Matasanos
Calle Los Profesionales;Los Profesionales
Calle Palo de Vida;Palo Vida
Calle Zamora;Zamora
Calle Marcos Víquez;Marcos Víquez
Calle Barrantes;Barrantes
Calle José Muñoz;José Muñoz
Calle Las Lavadoras;Las Lavadoras
Calle Viento Fresco;Viento Fresco
Calle Muñoz;Muñoz
Calle Tuto Ramírez;Tuto Ramírez
Calle Kinder;Kinder
Calle Santa Marta;Santa Marta
Calle Trejos;Trejos
Calle La Farmacia;La Farmacia
Calle Wilson Víquez;Wilson Víquez
Calle Vidal;Vidal
Calle Chorizo;Chorizo
Calle del Sol;Sol
Calle Ramírez;Ramírez
Calle Los Pinares;Los Pinares
Avenida Mayorga;Mayorga
Calle El Encino;El Encino
Calle La Balsa;La Balsa
Calle Los Sauces;Los Sauces
Avenida El Jaúl;El Jaúl
Calle Saturno;Saturno
Calle Venus;Venus
Avenida Cocobolo;Cocobolo
Calle Los Ángeles;Los Ángeles
Avenida El Amarillón;El Amarillón
Avenida El Guachipelín;El Guachipelín
Calle El Roble;El Roble
Avenida Los Almendros;Los Almendros
Avenida Los Pinares;Los Pinares
Calle Chucos;Chucos
Avenida Rodríguez;Rodríguez
Avenida Chava;Chava
Calle Los Chompipes;Los Chompipes
Calle La Virgen;La Virgen
Calle TMB;TMB
Calle El Tanque;El Tanque
Calle El Progreso;El Progreso
Calle Los Jardines;Los Jardines
Calle El Tanqe;El Tanqe
Hacienda San Agustín;San Agustín
Calle Nevarro;Nevarro
Calle Sanchez;Sanchez
Avenida El Ceibo;El Ceibo
Avenida Mercurio;Mercurio
Avenida Cristobal;Cristobal
Avenida El Sura;El Sura
Avenida El Cenízaro;El Cenízaro
Avenida El Espavel;El Espavel
Avenida La Aurora;La Aurora
Avenida Guanacaste;Guanacaste
Avenida Pochote;Pochote
Avenida Ciprés;Ciprés
Avenida Cedros;Cedros
Boulevard de Los Conquistadores;Los Conquistadores
Residencial Casa Blanca;Residencial  Blanca
Residencial Amaranto;Amaranto
Real De Castilla;De Castilla
Calle Batman;Batman
Avenida Central;Central
Avenida William H. Taft;William H. Taft
Terracar;Terracar
Verolìs Residencial;Verolìs
Calle Rubén Darío;Rubén Darío
Calle Rubén Darío;Rubén Darío
Calle Rubén Darío;Rubén Darío
Calle Guelos;Guelos
Calle Tranquilino Sáenz Flores;Tranquilino Sáenz Flores
Calle Tranquilino Sáenz Flores;Tranquilino Sáenz Flores
Calle Tranquilino Sáenz Flores;Tranquilino Sáenz Flores
Avenida Obispo Morel;Obispo Morel
Calle Monseñor Chavarría Rojas;Monseñor Chavarría Rojas
Avenida Luis R. Flores;Luis R. Flores
Calle Rubén Darío;Rubén Darío
Avenida Doming F. Sarmiento;Doming F. Sarmiento
Avenida William H. Taft;William H. Taft
Calle Rubén Darío;Rubén Darío
Calle Rubén Darío;Rubén Darío
Calle Rubén Darío;Rubén Darío
Calle Omar Dengo Guerrero;Omar Dengo Guerrero
Calle Tranquilino Sáenz Flores;Tranquilino Sáenz Flores
Calle Manuel Benavides R.;Manuel Benavides R.
Avenida Obispo Morel;Obispo Morel
Calle Omar Dengo Guerrero;Omar Dengo Guerrero
Avenida Obispo Morel;Obispo Morel
Calle Pedro Henríquez Ureña;Pedro Henríquez Ureña
Calle Padre Royo;Padre Royo
Avenida Obispo Morel;Obispo Morel
Calle Pedro Henríquez Ureña;Pedro Henríquez Ureña
Calle Yorkin;Yorkin
Calle Omar Dengo Guerrero;Omar Dengo Guerrero
Calle Tranquilino Sáenz Flores;Tranquilino Sáenz Flores
Calle Omar Dengo Guerrero;Omar Dengo Guerrero
Calle El Guayabal;El Guayabal
Calle Pedro Henríquez Ureña;Pedro Henríquez Ureña
Calle Pedro Henríquez Ureña;Pedro Henríquez Ureña
Calle Pedro Henríquez Ureña;Pedro Henríquez Ureña
Calle Don Tito;Don Tito
Calle La Gruta;La Gruta
Avenida Las Huertas;Las Huertas
Avenida La Milpa;La Milpa
Sector B;Sector B
Calle Gallito;Gallito
Calle La Gitana;La Gitana

